/*
SQLyog Community v13.2.1 (64 bit)
MySQL - 8.0.32 : Database - vhs_info
*********************************************************************
*/

/*!40101 SET NAMES utf8 */;

/*!40101 SET SQL_MODE=''*/;

/*!40014 SET @OLD_UNIQUE_CHECKS=@@UNIQUE_CHECKS, UNIQUE_CHECKS=0 */;
/*!40014 SET @OLD_FOREIGN_KEY_CHECKS=@@FOREIGN_KEY_CHECKS, FOREIGN_KEY_CHECKS=0 */;
/*!40101 SET @OLD_SQL_MODE=@@SQL_MODE, SQL_MODE='NO_AUTO_VALUE_ON_ZERO' */;
/*!40111 SET @OLD_SQL_NOTES=@@SQL_NOTES, SQL_NOTES=0 */;
CREATE DATABASE /*!32312 IF NOT EXISTS*/`vhs_info` /*!40100 DEFAULT CHARACTER SET utf8mb4 COLLATE utf8mb4_0900_ai_ci */ /*!80016 DEFAULT ENCRYPTION='N' */;

USE `vhs_info`;

/*Data for the table `appointments` */

insert  into `appointments`(`id`,`customer_id`,`service_id`,`hairstylist_id`,`booking_datetime`,`status`,`remarks`,`created_at`,`updated_at`) values 
(1,1,1,4,'2024-01-31 14:00:00','COMPLETED','This is a espum lorem text for dummy remarks','2024-01-29 14:52:15','2024-04-08 15:01:28'),
(2,1,1,1,'2024-01-28 14:00:00','COMPLETED','This is a espum lorem text for dummy remarks','2024-01-29 14:55:30','2024-03-31 21:18:11'),
(4,1,1,1,'2024-01-30 14:00:00','COMPLETED','This is a espum lorem text for dummy remarks','2024-01-29 14:59:01','2024-03-31 21:18:11'),
(5,1,1,2,'2024-01-28 15:00:00','COMPLETED','This is a espum lorem text for dummy remarks','2024-01-29 15:00:52','2024-03-31 21:18:11'),
(6,1,2,2,'2024-01-31 14:00:00','COMPLETED','This is a espum lorem text for dummy remarks','2024-01-29 14:52:15','2024-03-31 21:11:33'),
(7,1,2,2,'2024-01-31 14:00:00','COMPLETED','This is a espum lorem text for dummy remarks','2024-01-29 14:52:15','2024-03-31 21:11:33'),
(8,1,2,2,'2024-01-31 14:00:00','COMPLETED','This is a espum lorem text for dummy remarks','2024-01-29 14:52:15','2024-03-31 21:11:33'),
(9,1,2,2,'2024-01-31 14:00:00','COMPLETED','This is a espum lorem text for dummy remarks','2024-01-29 14:52:15','2024-03-31 21:11:33'),
(10,1,2,1,'2024-01-28 15:00:00','COMPLETED','This is a espum lorem text for dummy remarks','2024-01-29 15:00:52','2024-03-31 21:18:11'),
(11,1,3,1,'2024-01-31 14:00:00','COMPLETED','This is a espum lorem text for dummy remarks','2024-01-29 14:52:15','2024-03-31 21:11:33'),
(12,1,4,1,'2024-01-28 14:00:00','CANCELLED','This is a espum lorem text for dummy remarks','2024-01-29 14:55:30','2024-02-17 20:16:21'),
(14,1,6,1,'2024-01-30 14:00:00','COMPLETED','This is a espum lorem text for dummy remarks','2024-01-29 14:59:01','2024-03-31 21:28:13'),
(15,1,7,1,'2024-01-28 15:00:00','COMPLETED','This is a espum lorem text for dummy remarks','2024-01-29 15:00:52','2024-03-31 21:28:13'),
(16,2,4,1,'2024-02-14 12:30:00','COMPLETED','This is a espum lorem text for dummy remarks','2024-02-02 12:20:19','2024-03-31 21:11:33'),
(17,2,3,1,'2024-02-15 19:30:00','COMPLETED','This is a espum lorem text for dummy remarks','2024-02-15 21:28:44','2024-03-31 21:11:33'),
(18,2,1,2,'2024-02-16 14:30:00','COMPLETED',NULL,'2024-02-17 20:23:46','2024-04-07 15:47:55'),
(19,1,2,2,'2024-03-01 12:30:00','COMPLETED',NULL,'2024-02-17 22:17:01','2024-03-31 21:11:29'),
(20,1,2,1,'2024-02-17 16:30:00','COMPLETED',NULL,'2024-02-17 22:22:43','2024-03-31 21:11:33'),
(21,1,2,2,'2024-02-17 14:30:00','COMPLETED',NULL,'2024-02-17 22:26:17','2024-03-31 21:11:33'),
(22,1,2,1,'2024-03-01 10:30:00','CANCELLED',NULL,'2024-02-17 22:27:27','2024-03-03 17:34:20'),
(23,1,4,2,'2024-02-23 15:30:00','CANCELLED',NULL,'2024-02-17 22:27:54','2024-02-29 23:03:10'),
(24,1,4,2,'2024-03-09 17:30:00','COMPLETED',NULL,'2024-02-17 22:28:45','2024-03-31 21:11:29'),
(25,1,1,1,'2024-03-03 14:00:00','PENDING',NULL,'2024-02-24 21:44:52','2024-03-03 17:31:06'),
(26,1,1,2,'2024-03-30 14:32:06','COMPLETED',NULL,'2024-03-26 14:32:18','2024-03-31 21:11:29'),
(27,1,1,2,'2024-03-28 16:13:44','CANCELLED',NULL,'2024-03-26 16:13:54','2024-03-26 16:13:54'),
(28,1,1,1,'2024-03-28 16:13:58','PENDING',NULL,'2024-03-26 16:14:06','2024-03-26 16:14:06'),
(29,1,1,2,'2024-03-28 16:14:11','PENDING',NULL,'2024-03-26 16:14:16','2024-03-26 16:14:16'),
(30,1,1,1,'2024-03-18 14:00:00','COMPLETED','This is a dummy remarks for Monday','2024-03-26 18:13:52','2024-03-31 21:11:29'),
(31,2,1,1,'2024-03-18 15:00:00','COMPLETED','This is a dummy remarks for Monday','2024-03-26 18:13:52','2024-03-31 21:11:29'),
(32,1,1,1,'2024-03-19 18:16:12','COMPLETED','This is a dummy remarks for Tuesday','2024-03-26 18:13:52','2024-03-31 21:11:29'),
(33,2,1,1,'2024-03-19 15:00:00','COMPLETED','This is a dummy remarks for Tuesday','2024-03-26 18:13:52','2024-03-31 21:11:29'),
(34,1,1,1,'2024-03-20 14:00:00','COMPLETED','This is a dummy remarks for Wednesday','2024-03-26 18:13:52','2024-03-31 21:11:29'),
(35,2,1,1,'2024-03-20 15:00:00','COMPLETED','This is a dummy remarks for Wednesday','2024-03-26 18:13:52','2024-03-31 21:11:29'),
(36,1,1,1,'2024-03-21 14:00:00','COMPLETED','This is a dummy remarks for Thursday','2024-03-26 18:13:52','2024-03-31 21:11:29'),
(37,2,1,1,'2024-03-21 15:00:00','COMPLETED','This is a dummy remarks for Thursday','2024-03-26 18:13:52','2024-03-31 21:11:29'),
(38,1,1,1,'2024-03-22 14:00:00','COMPLETED','This is a dummy remarks for Friday','2024-03-26 18:13:52','2024-03-31 21:11:29'),
(39,2,1,1,'2024-03-22 15:00:00','COMPLETED','This is a dummy remarks for Friday','2024-03-26 18:13:52','2024-03-31 21:11:29'),
(40,2,1,1,'2024-03-21 15:00:00','COMPLETED','This is a dummy remarks for Thursday','2024-03-26 18:13:52','2024-03-31 21:11:29'),
(41,1,1,1,'2024-03-22 14:00:00','COMPLETED','This is a dummy remarks for Friday','2024-03-26 18:13:52','2024-03-31 21:11:29'),
(42,2,1,1,'2024-03-21 15:00:00','COMPLETED','This is a dummy remarks for Thursday','2024-03-26 18:13:52','2024-03-31 21:11:29'),
(43,2,1,1,'2024-03-21 15:00:00','COMPLETED','This is a dummy remarks for Thursday','2024-03-26 18:13:52','2024-03-31 21:11:29'),
(44,1,1,1,'2024-03-21 14:00:00','COMPLETED','This is a dummy remarks for Thursday','2024-03-26 18:13:52','2024-03-31 21:11:29'),
(45,1,1,1,'2024-03-20 14:00:00','COMPLETED','This is a dummy remarks for Wednesday','2024-03-26 18:13:52','2024-03-31 21:11:29'),
(46,2,1,1,'2024-03-20 15:00:00','COMPLETED','This is a dummy remarks for Wednesday','2024-03-26 18:13:52','2024-03-31 21:11:29'),
(47,2,1,1,'2024-04-04 15:00:00','COMPLETED','This is a dummy remarks for Wednesday','2024-03-26 18:13:52','2024-04-07 12:52:01'),
(48,2,1,1,'2024-04-12 15:00:00','COMPLETED','This is a dummy remarks for Wednesday','2024-03-26 18:13:52','2024-04-13 15:03:25'),
(49,2,2,1,'2024-04-12 13:00:00','COMPLETED','This is a dummy remarks for Wednesday','2024-03-26 18:13:52','2024-04-13 15:03:25'),
(50,2,1,1,'2024-04-12 15:00:00','CANCELLED','This is a dummy remarks for Wednesday','2024-03-26 18:13:52','2024-04-17 12:30:19'),
(51,2,2,1,'2024-04-12 13:15:00','CANCELLED','This is a dummy remarks for Wednesday','2024-03-26 18:13:52','2024-04-01 14:27:34'),
(52,2,1,1,'2024-04-12 15:00:00','PENDING','This is a dummy remarks for Wednesday','2024-03-26 18:13:52','2024-04-01 14:27:14'),
(53,2,1,1,'2024-04-12 15:00:00','PENDING','This is a dummy remarks for Wednesday','2024-03-26 18:13:52','2024-04-01 14:27:14'),
(54,2,1,1,'2024-04-04 15:00:00','COMPLETED','This is a dummy remarks for Wednesday','2024-03-26 18:13:52','2024-04-07 12:52:01'),
(55,2,1,1,'2024-04-03 15:00:00','COMPLETED','This is a dummy remarks for Wednesday','2024-03-26 18:13:52','2024-04-07 12:52:01'),
(56,2,1,1,'2024-04-04 15:00:00','COMPLETED','This is a dummy remarks for Wednesday','2024-03-26 18:13:52','2024-04-07 12:52:01'),
(57,2,1,1,'2024-04-04 15:00:00','COMPLETED','This is a dummy remarks for Wednesday','2024-03-26 18:13:52','2024-04-07 12:52:01'),
(58,2,1,1,'2024-04-02 15:00:00','COMPLETED','This is a dummy remarks for Wednesday','2024-03-26 18:13:52','2024-04-07 12:52:01'),
(59,2,1,1,'2024-04-12 15:00:00','PENDING','This is a dummy remarks for Wednesday','2024-03-26 18:13:52','2024-04-01 14:27:14'),
(60,2,1,1,'2024-04-05 15:00:00','COMPLETED','This is a dummy remarks for Wednesday','2024-03-26 18:13:52','2024-04-07 12:52:01'),
(61,2,1,1,'2024-04-05 15:00:00','COMPLETED','This is a dummy remarks for Wednesday','2024-03-26 18:13:52','2024-04-07 12:52:01'),
(62,2,1,1,'2024-04-05 15:00:00','COMPLETED','This is a dummy remarks for Wednesday','2024-03-26 18:13:52','2024-04-07 12:52:01'),
(63,2,1,1,'2024-04-05 15:00:00','COMPLETED','This is a dummy remarks for Wednesday','2024-03-26 18:13:52','2024-04-07 12:52:01'),
(64,2,1,1,'2024-04-04 15:00:00','COMPLETED','This is a dummy remarks for Wednesday','2024-03-26 18:13:52','2024-04-07 12:52:01'),
(65,2,1,1,'2024-04-01 15:00:00','COMPLETED','This is a dummy remarks for Wednesday','2024-03-26 18:13:52','2024-04-07 12:52:01'),
(66,2,1,1,'2024-04-05 15:00:00','COMPLETED','This is a dummy remarks for Wednesday','2024-03-26 18:13:52','2024-04-07 12:52:01'),
(67,2,1,1,'2024-04-01 15:00:00','COMPLETED','This is a dummy remarks for Wednesday','2024-03-26 18:13:52','2024-04-07 12:52:01'),
(68,2,1,1,'2024-04-01 15:00:00','COMPLETED','This is a dummy remarks for Wednesday','2024-03-26 18:13:52','2024-04-07 12:52:01'),
(69,2,1,1,'2024-04-01 15:00:00','COMPLETED','This is a dummy remarks for Wednesday','2024-03-26 18:13:52','2024-04-07 12:52:01'),
(70,2,1,1,'2024-04-02 15:00:00','COMPLETED','This is a dummy remarks for Wednesday','2024-03-26 18:13:52','2024-04-07 12:52:01'),
(71,2,1,1,'2024-04-04 15:00:00','COMPLETED','This is a dummy remarks for Wednesday','2024-03-26 18:13:52','2024-04-07 12:52:01'),
(72,1,1,2,'2024-04-10 20:00:00','PENDING',NULL,'2024-04-07 22:03:54','2024-04-07 22:03:54'),
(73,1,1,1,'2024-04-12 12:30:00','COMPLETED',NULL,'2024-04-07 22:07:00','2024-04-13 15:03:25'),
(74,2,1,1,'2024-04-18 15:00:00','COMPLETED','This is a dummy remarks for Wednesday','2024-03-26 18:13:52','2024-04-20 15:18:31'),
(75,2,5,1,'2024-04-19 15:00:00','COMPLETED','This is a dummy remarks for Wednesday','2024-03-26 18:13:52','2024-04-20 15:18:31'),
(76,2,6,1,'2024-04-22 15:00:00','COMPLETED','This is a dummy remarks for Wednesday','2024-03-26 18:13:52','2024-04-24 00:35:56'),
(77,2,2,1,'2024-04-24 10:30:00','COMPLETED',NULL,'2024-04-16 15:34:20','2024-05-01 20:21:53'),
(78,2,2,1,'2024-04-24 12:30:00','COMPLETED',NULL,'2024-04-16 15:34:20','2024-05-01 20:21:53'),
(79,2,3,1,'2024-04-24 11:30:00','COMPLETED',NULL,'2024-04-16 15:34:20','2024-05-01 20:21:53'),
(80,2,6,1,'2024-04-17 16:30:00','COMPLETED',NULL,'2024-04-16 15:34:20','2024-04-22 12:41:57'),
(81,2,2,1,'2024-04-26 18:30:00','COMPLETED',NULL,'2024-04-16 15:34:20','2024-05-01 20:21:53'),
(82,2,1,1,'2024-04-23 08:30:00','COMPLETED',NULL,'2024-04-16 15:34:20','2024-04-24 00:35:56'),
(83,2,3,1,'2024-04-25 20:30:00','COMPLETED',NULL,'2024-04-16 15:37:42','2024-05-01 20:21:53'),
(84,2,5,1,'2024-04-23 14:30:00','COMPLETED',NULL,'2024-04-16 15:42:49','2024-04-24 00:35:56'),
(85,2,1,1,'2024-04-24 12:30:00','COMPLETED',NULL,'2024-04-16 15:53:13','2024-05-01 20:21:53'),
(86,2,1,2,'2024-04-25 13:00:00','COMPLETED','The haircut should have ......','2024-04-16 16:13:53','2024-05-01 20:21:53'),
(87,2,26,3,'2024-04-25 13:30:00','COMPLETED',NULL,'2024-04-16 16:14:52','2024-05-01 20:21:53'),
(88,1,2,2,'2024-04-27 20:30:00','COMPLETED',NULL,'2024-04-22 00:12:15','2024-05-01 20:21:53'),
(89,25,4,1,'2024-04-25 16:30:00','PENDING','This is an optional remarks.','2024-04-22 11:58:53','2024-04-22 12:41:07'),
(90,1,1,1,'2024-04-25 16:30:00','PENDING','Please trim my hair.','2024-04-24 00:56:47','2024-04-24 00:56:58'),
(92,1,4,2,'2024-04-27 17:30:00','PENDING','The styling should have ..','2024-04-24 22:14:56','2024-04-24 22:14:56');

/*Data for the table `categories` */

insert  into `categories`(`id`,`name`) values 
(1,'Haircuts'),
(2,'Colors'),
(3,'Styling'),
(4,'Texturizing'),
(5,'Treatments'),
(6,'Extentions'),
(7,'Men\'s Grooming'),
(8,'Others');

/*Data for the table `hairstylist_scopes` */

insert  into `hairstylist_scopes`(`id`,`hairstylist_id`,`service_id`,`created_at`) values 
(1,1,2,'2024-02-13 09:47:13'),
(2,2,2,'2024-02-13 19:06:33'),
(15,2,4,'2024-03-27 22:35:55'),
(30,1,25,'2024-03-27 23:17:44'),
(34,1,3,'2024-04-07 23:29:59'),
(35,2,3,'2024-04-07 23:29:59'),
(36,1,7,'2024-04-07 23:32:14'),
(38,9,29,'2024-04-14 22:58:58'),
(39,9,30,'2024-04-14 23:14:29'),
(40,9,28,'2024-04-14 23:23:50'),
(41,10,28,'2024-04-14 23:23:50'),
(44,1,1,'2024-04-17 13:03:34'),
(45,2,1,'2024-04-17 13:03:34'),
(46,3,26,'2024-04-21 23:15:25'),
(47,3,31,'2024-04-21 23:16:55');

/*Data for the table `hairstylists` */

insert  into `hairstylists`(`id`,`name`,`salon_id`,`position`,`rating`,`image_url`,`updated_at`,`created_at`,`deleted_at`) values 
(1,'David Heng Tiek Tet',1,'Senior Hairstylist',5,'https://firebasestorage.googleapis.com/v0/b/virtual-hair-studio.appspot.com/o/hairstylists%2F1%2Fmedia%2Fprofile%2Fthumbnail.jpg?alt=media&token=c7e27e3b-aa93-4f4e-9f01-576e609146d2','2024-04-22 21:20:21','2024-02-05 17:56:11',NULL),
(2,'Tiffany Chew Sien Meh',1,NULL,4,'https://firebasestorage.googleapis.com/v0/b/virtual-hair-studio.appspot.com/o/hairstylists%2F2%2Fmedia%2Fprofile%2Fthumbnail.jpg?alt=media&token=2e9b7903-b2e3-426b-86e9-da5231fc1359','2024-04-22 21:20:31','2024-02-05 17:56:36',NULL),
(3,'Yong Yao Wen',1,'Manager',4,'https://firebasestorage.googleapis.com/v0/b/virtual-hair-studio.appspot.com/o/hairstylists%2F12%2Fmedia%2Fprofile%2Fthumbnail.jpg?alt=media&token=c61d45b7-67d6-4390-8938-42e094c47085','2024-04-22 21:20:34','2024-03-27 23:41:24',NULL),
(4,'Wong Wee',1,'Manager',5,'https://firebasestorage.googleapis.com/v0/b/virtual-hair-studio.appspot.com/o/hairstylists%2F4%2Fmedia%2Fprofile%2Fthumbnail.jpg?alt=media&token=ace982d4-f743-44e5-8047-300021ff6d26','2024-04-22 21:20:36','2024-04-07 15:17:39','2024-04-17 13:19:03'),
(7,'undefined',55,'undefined',3,'https://firebasestorage.googleapis.com/v0/b/virtual-hair-studio.appspot.com/o/hairstylists%2F7%2Fmedia%2Fprofile%2Fthumbnail.jpg?alt=media&token=71a3b5cb-2dfc-48ca-a5f8-bb5c42b2cc1c','2024-04-22 21:20:37','2024-04-14 13:48:06',NULL),
(8,'undefined',55,'undefined',3,'https://firebasestorage.googleapis.com/v0/b/virtual-hair-studio.appspot.com/o/hairstylists%2F8%2Fmedia%2Fprofile%2Fthumbnail.jpg?alt=media&token=2921f370-a786-4aea-b3ab-6d42422ed01a','2024-04-22 21:20:38','2024-04-14 13:53:24',NULL),
(9,'New new',55,'Senior Hairstylist',5,'https://firebasestorage.googleapis.com/v0/b/virtual-hair-studio.appspot.com/o/hairstylists%2F9%2Fmedia%2Fprofile%2Fthumbnail.jpg?alt=media&token=d6188a3b-4dcd-4563-ae63-a4f2ecb8d469','2024-04-22 21:20:38','2024-04-14 13:57:26',NULL),
(10,'test',55,'test',5,'https://firebasestorage.googleapis.com/v0/b/virtual-hair-studio.appspot.com/o/hairstylists%2F10%2Fmedia%2Fprofile%2Fthumbnail.jpg?alt=media&token=0af67a48-df49-497a-90bb-7d9c8c156376','2024-04-22 21:20:39','2024-04-14 13:58:07',NULL),
(11,'Wong Wee',55,'Manager',5,'https://firebasestorage.googleapis.com/v0/b/virtual-hair-studio.appspot.com/o/hairstylists%2F11%2Fmedia%2Fprofile%2Fthumbnail.jpg?alt=media&token=37cbd056-1437-42e0-bcee-52dc8773bd0a','2024-04-22 21:20:40','2024-04-14 23:33:04',NULL),
(12,'Travis Scott',1,'Junior Hairstylist',NULL,'https://firebasestorage.googleapis.com/v0/b/virtual-hair-studio.appspot.com/o/hairstylists%2F12%2Fmedia%2Fprofile%2Fthumbnail.jpg?alt=media&token=c61d45b7-67d6-4390-8938-42e094c47085','2024-04-21 23:15:50','2024-04-21 23:14:49','2024-04-21 23:15:50');

/*Data for the table `reviews` */

insert  into `reviews`(`id`,`customer_id`,`appointment_id`,`service_id`,`rating`,`comment`,`created_at`) values 
(5,2,0,1,5,'Great haircut! The stylist was very skilled and friendly.','2024-02-22 10:15:00'),
(6,2,0,1,4,'The haircut was good, but the wait time was a bit long.','2024-02-23 14:30:00'),
(7,2,0,1,3,'Average haircut. Could have been better.','2024-02-24 16:45:00'),
(8,2,0,1,5,'Excellent service. Will definitely come back!','2024-02-25 09:00:00'),
(9,2,0,2,4,'The hair coloring was done professionally. Happy with the results.','2024-02-22 11:30:00'),
(10,2,0,2,5,'Absolutely loved my new hair color! The stylist did an amazing job.','2024-02-23 13:45:00'),
(11,2,0,2,3,'The hair coloring took longer than expected, but the outcome was okay.','2024-02-24 15:00:00'),
(12,2,0,3,5,'Great service! The manicure was done meticulously.','2024-02-22 09:45:00'),
(13,2,0,3,4,'My nails look fantastic after the pedicure. Very satisfied.','2024-02-23 12:00:00'),
(14,2,0,3,5,'The manicurist was friendly and did an excellent job!','2024-02-24 14:15:00'),
(15,2,0,4,3,'The massage was relaxing, but the therapist seemed inexperienced.','2024-02-22 08:30:00'),
(16,2,0,4,5,'I felt so relaxed after the massage. Highly recommend it!','2024-02-23 10:45:00'),
(17,2,0,5,5,'The facial was rejuvenating. My skin feels amazing!','2024-02-22 15:30:00'),
(18,2,0,5,4,'The deep conditioning treatment worked wonders on my hair.','2024-02-23 17:45:00'),
(19,2,0,5,5,'Excellent service! Will definitely return for more treatments.','2024-02-24 19:00:00'),
(20,2,0,11,5,'The beard trim was perfect. The barber was very skilled.','2024-02-26 11:15:00'),
(21,2,0,11,4,'Good service. The beard trimmer was friendly and attentive.','2024-02-27 13:30:00'),
(22,2,0,11,5,'I was pleased with the precision of the beard trim.','2024-02-28 15:45:00'),
(23,2,0,12,4,'The root touch-up was done well. Happy with the color.','2024-02-26 09:00:00'),
(24,2,0,12,5,'Great job on the root touch-up! Exactly what I wanted.','2024-02-27 12:15:00'),
(25,2,0,12,3,'The root touch-up didn\'t last as long as I expected.','2024-02-28 14:30:00'),
(26,2,0,13,5,'The scalp massage was so relaxing. Exactly what I needed.','2024-02-26 08:00:00'),
(27,2,0,13,4,'I felt so refreshed after the scalp massage. Highly recommend!','2024-02-27 10:15:00'),
(28,2,0,13,5,'Excellent service! The scalp massage helped relieve my tension.','2024-02-28 12:30:00'),
(29,2,0,17,3,'The hair extensions didn\'t blend well with my natural hair.','2024-02-26 15:00:00'),
(30,2,0,17,5,'Loved the hair extensions! They look so natural and beautiful.','2024-02-27 17:15:00'),
(31,2,0,17,4,'The hair extensions were of good quality, but the application took longer than expected.','2024-02-28 19:30:00'),
(32,2,0,18,5,'The eyelash extensions look amazing! Very pleased with the result.','2024-02-26 16:30:00'),
(33,2,0,18,4,'The eyelash extensions lasted longer than I expected.','2024-02-27 18:45:00'),
(34,2,0,18,5,'Great service! The eyelash extensions enhanced my eyes beautifully.','2024-02-28 20:00:00'),
(35,2,0,19,4,'The waxing service was good, but it could have been less painful.','2024-02-26 09:30:00'),
(36,2,0,19,5,'The waxing service was quick and efficient. Pleased with the results.','2024-02-27 11:45:00'),
(37,2,0,19,3,'The waxing service left some redness and irritation on my skin.','2024-02-28 14:00:00'),
(38,2,16,4,5,'Good!','2024-04-14 15:41:22'),
(39,2,17,3,5,'tEST','2024-04-14 15:47:14'),
(40,1,73,1,4,'gOOF DOO','2024-04-15 15:27:27'),
(41,2,80,6,4,'The hair coloring service is good !','2024-04-24 22:17:04');

/*Data for the table `salons` */

insert  into `salons`(`id`,`user_id`,`name`,`address`,`state`,`contact_number`,`business_hour`,`image_url`,`updated_at`,`created_at`) values 
(1,1,'Charmeleon salon','No 1, Jalan Sultan Azlan Shah, Butterworth','Kedah','60465852022','3-6/10:30-20:30','https://firebasestorage.googleapis.com/v0/b/virtual-hair-studio.appspot.com/o/salons%2F1%2Fmedia%2Fprofile%2Fthumbnail.jpg?alt=media&token=aeb32850-7799-4872-bdf9-20611c4ffec1','2024-02-05 17:48:14','2024-02-05 17:48:16'),
(2,4,'Vivian Hair Salon','Mahkamah Majistret Sepang, Sepang','Selangor','60331421133','1-6/10:30-20:30',NULL,'2024-02-21 20:36:38','2024-02-21 20:36:38'),
(3,5,'HairPro Salon','Lot 6306, Jalan Besar, Mukim Dengkil, Majlis Perbandaran Kajang','Selangor','60389483692','1-6/10:30-20:30',NULL,'2024-02-21 20:37:54','2024-02-21 20:37:54'),
(4,6,'Salon Doesn\'t Exist',NULL,NULL,NULL,'1-6/10:30-20:30',NULL,'2024-02-21 22:18:56','2024-02-21 22:18:56'),
(5,56,'Glamour Hair Studio','No 10, Jalan Raja Chulan, Kuala Lumpur','Kuala Lumpur','60312345678','1-6/10:00-19:00',NULL,'2024-02-22 08:00:00','2024-02-22 08:00:00'),
(6,55,'Elegant Cuts Salon','Lot 123, Jalan Ampang, Ampang','Selangor','60398765432','1-5/09:00-18:00',NULL,'2024-02-22 08:00:00','2024-02-22 08:00:00'),
(7,54,'Royal Hair Palace','No 5, Jalan Sultan Ismail, Johor Bahru','Johor','6073456789','1-7/08:00-22:00',NULL,'2024-02-22 08:00:00','2024-02-22 08:00:00'),
(8,53,'Golden Scissors Salon','Lot 88, Jalan Tun Razak, Petaling Jaya','Selangor','60387654321','1-6/10:00-20:00',NULL,'2024-02-22 08:00:00','2024-02-22 08:00:00'),
(9,52,'Trendy Haircuts','No 15, Jalan Sungai Besi, Kuala Lumpur','Kuala Lumpur','60311223344','1-6/11:00-21:00',NULL,'2024-02-22 08:00:00','2024-02-22 08:00:00'),
(10,51,'Chic & Stylish Salon','Lot 9, Jalan Gasing, Petaling Jaya','Selangor','60399988877','1-5/10:00-19:00',NULL,'2024-02-22 08:00:00','2024-02-22 08:00:00'),
(11,7,'Hair Haven','No 20, Jalan Pudu, Kuala Lumpur','Kuala Lumpur','60333445566','1-7/09:00-20:00',NULL,'2024-02-22 08:00:00','2024-02-22 08:00:00'),
(12,8,'Sunshine Hair Studio','Lot 3, Jalan Damansara, Petaling Jaya','Selangor','60311223344','1-6/11:00-21:00',NULL,'2024-02-22 08:00:00','2024-02-22 08:00:00'),
(13,9,'Urban Edge Salon','No 8, Jalan Sultan Ismail, Kuala Lumpur','Kuala Lumpur','60398765432','1-6/10:00-19:00',NULL,'2024-02-22 08:00:00','2024-02-22 08:00:00'),
(14,10,'Vogue Hair Studio','Lot 123, Jalan Ampang, Ampang','Selangor','60387654321','1-5/09:00-18:00',NULL,'2024-02-22 08:00:00','2024-02-22 08:00:00'),
(15,11,'Glamour Hair Studio','No 10, Jalan Raja Chulan, Kuala Lumpur','Kuala Lumpur','60312345678','1-6/10:00-19:00',NULL,'2024-02-22 08:00:00','2024-02-22 08:00:00'),
(16,12,'Elegant Cuts Salon','Lot 123, Jalan Ampang, Ampang','Selangor','60398765432','1-5/09:00-18:00',NULL,'2024-02-22 08:00:00','2024-02-22 08:00:00'),
(17,13,'Royal Hair Palace','No 5, Jalan Sultan Ismail, Johor Bahru','Johor','6073456789','1-7/08:00-22:00',NULL,'2024-02-22 08:00:00','2024-02-22 08:00:00'),
(18,14,'Golden Scissors Salon','Lot 88, Jalan Tun Razak, Petaling Jaya','Selangor','60387654321','1-6/10:00-20:00',NULL,'2024-02-22 08:00:00','2024-02-22 08:00:00'),
(19,15,'Trendy Haircuts','No 15, Jalan Sungai Besi, Kuala Lumpur','Kuala Lumpur','60311223344','1-6/11:00-21:00',NULL,'2024-02-22 08:00:00','2024-02-22 08:00:00'),
(20,16,'Chic & Stylish Salon','Lot 9, Jalan Gasing, Petaling Jaya','Selangor','60399988877','1-5/10:00-19:00',NULL,'2024-02-22 08:00:00','2024-02-22 08:00:00'),
(21,17,'Hair Haven','No 20, Jalan Pudu, Kuala Lumpur','Kuala Lumpur','60333445566','1-7/09:00-20:00',NULL,'2024-02-22 08:00:00','2024-02-22 08:00:00'),
(22,18,'Sunshine Hair Studio','Lot 3, Jalan Damansara, Petaling Jaya','Selangor','60311223344','1-6/11:00-21:00',NULL,'2024-02-22 08:00:00','2024-02-22 08:00:00'),
(23,19,'Urban Edge Salon','No 8, Jalan Sultan Ismail, Kuala Lumpur','Kuala Lumpur','60398765432','1-6/10:00-19:00',NULL,'2024-02-22 08:00:00','2024-02-22 08:00:00'),
(24,20,'Vogue Hair Studio','Lot 123, Jalan Ampang, Ampang','Selangor','60387654321','1-5/09:00-18:00',NULL,'2024-02-22 08:00:00','2024-02-22 08:00:00'),
(25,21,'Glamour Hair Studio','No 10, Jalan Raja Chulan, Kuala Lumpur','Kuala Lumpur','60312345678','1-6/10:00-19:00',NULL,'2024-02-22 08:00:00','2024-02-22 08:00:00'),
(26,22,'Elegant Cuts Salon','Lot 123, Jalan Ampang, Ampang','Selangor','60398765432','1-5/09:00-18:00',NULL,'2024-02-22 08:00:00','2024-02-22 08:00:00'),
(27,343,'Royal Hair Palace','No 5, Jalan Sultan Ismail, Johor Bahru','Johor','6073456789','1-7/08:00-22:00',NULL,'2024-02-22 08:00:00','2024-02-22 08:00:00'),
(28,24,'Golden Scissors Salon','Lot 88, Jalan Tun Razak, Petaling Jaya','Selangor','60387654321','1-6/10:00-20:00',NULL,'2024-02-22 08:00:00','2024-02-22 08:00:00'),
(29,25,'Trendy Haircuts','No 15, Jalan Sungai Besi, Kuala Lumpur','Kuala Lumpur','60311223344','1-6/11:00-21:00',NULL,'2024-02-22 08:00:00','2024-02-22 08:00:00'),
(30,26,'Chic & Stylish Salon','Lot 9, Jalan Gasing, Petaling Jaya','Selangor','60399988877','1-5/10:00-19:00',NULL,'2024-02-22 08:00:00','2024-02-22 08:00:00'),
(31,27,'Hair Haven','No 20, Jalan Pudu, Kuala Lumpur','Kuala Lumpur','60333445566','1-7/09:00-20:00',NULL,'2024-02-22 08:00:00','2024-02-22 08:00:00'),
(32,28,'Sunshine Hair Studio','Lot 3, Jalan Damansara, Petaling Jaya','Selangor','60311223344','1-6/11:00-21:00',NULL,'2024-02-22 08:00:00','2024-02-22 08:00:00'),
(33,29,'Urban Edge Salon','No 8, Jalan Sultan Ismail, Kuala Lumpur','Kuala Lumpur','60398765432','1-6/10:00-19:00',NULL,'2024-02-22 08:00:00','2024-02-22 08:00:00'),
(34,30,'Vogue Hair Studio','Lot 123, Jalan Ampang, Ampang','Selangor','60387654321','1-5/09:00-18:00',NULL,'2024-02-22 08:00:00','2024-02-22 08:00:00'),
(35,31,'Glamour Hair Studio','No 10, Jalan Raja Chulan, Kuala Lumpur','Kuala Lumpur','60312345678','1-6/10:00-19:00',NULL,'2024-02-22 08:00:00','2024-02-22 08:00:00'),
(36,32,'Elegant Cuts Salon','Lot 123, Jalan Ampang, Ampang','Selangor','60398765432','1-5/09:00-18:00',NULL,'2024-02-22 08:00:00','2024-02-22 08:00:00'),
(37,33,'Royal Hair Palace','No 5, Jalan Sultan Ismail, Johor Bahru','Johor','6073456789','1-7/08:00-22:00',NULL,'2024-02-22 08:00:00','2024-02-22 08:00:00'),
(38,34,'Golden Scissors Salon','Lot 88, Jalan Tun Razak, Petaling Jaya','Selangor','60387654321','1-6/10:00-20:00',NULL,'2024-02-22 08:00:00','2024-02-22 08:00:00'),
(39,35,'Trendy Haircuts','No 15, Jalan Sungai Besi, Kuala Lumpur','Kuala Lumpur','60311223344','1-6/11:00-21:00',NULL,'2024-02-22 08:00:00','2024-02-22 08:00:00'),
(40,36,'Chic & Stylish Salon','Lot 9, Jalan Gasing, Petaling Jaya','Selangor','60399988877','1-5/10:00-19:00',NULL,'2024-02-22 08:00:00','2024-02-22 08:00:00'),
(41,37,'Hair Haven','No 20, Jalan Pudu, Kuala Lumpur','Kuala Lumpur','60333445566','1-7/09:00-20:00',NULL,'2024-02-22 08:00:00','2024-02-22 08:00:00'),
(42,38,'Sunshine Hair Studio','Lot 3, Jalan Damansara, Petaling Jaya','Selangor','60311223344','1-6/11:00-21:00',NULL,'2024-02-22 08:00:00','2024-02-22 08:00:00'),
(43,39,'Urban Edge Salon','No 8, Jalan Sultan Ismail, Kuala Lumpur','Kuala Lumpur','60398765432','1-6/10:00-19:00',NULL,'2024-02-22 08:00:00','2024-02-22 08:00:00'),
(44,40,'Vogue Hair Studio','Lot 123, Jalan Ampang, Ampang','Selangor','60387654321','1-5/09:00-18:00',NULL,'2024-02-22 08:00:00','2024-02-22 08:00:00'),
(45,41,'Glamour Hair Studio','No 10, Jalan Raja Chulan, Kuala Lumpur','Kuala Lumpur','60312345678','1-6/10:00-19:00',NULL,'2024-02-22 08:00:00','2024-02-22 08:00:00'),
(46,42,'Elegant Cuts Salon','Lot 123, Jalan Ampang, Ampang','Selangor','60398765432','1-5/09:00-18:00',NULL,'2024-02-22 08:00:00','2024-02-22 08:00:00'),
(47,43,'Royal Hair Palace','No 5, Jalan Sultan Ismail, Johor Bahru','Johor','6073456789','1-7/08:00-22:00',NULL,'2024-02-22 08:00:00','2024-02-22 08:00:00'),
(48,44,'Golden Scissors Salon','Lot 88, Jalan Tun Razak, Petaling Jaya','Selangor','60387654321','1-6/10:00-20:00',NULL,'2024-02-22 08:00:00','2024-02-22 08:00:00'),
(49,45,'Trendy Haircuts','No 15, Jalan Sungai Besi, Kuala Lumpur','Kuala Lumpur','60311223344','1-6/11:00-21:00',NULL,'2024-02-22 08:00:00','2024-02-22 08:00:00'),
(50,46,'Chic & Stylish Salon','Lot 9, Jalan Gasing, Petaling Jaya','Selangor','60399988877','1-5/10:00-19:00',NULL,'2024-02-22 08:00:00','2024-02-22 08:00:00'),
(51,47,'Hair Haven','No 20, Jalan Pudu, Kuala Lumpur','Kuala Lumpur','60333445566','1-7/09:00-20:00',NULL,'2024-02-22 08:00:00','2024-02-22 08:00:00'),
(52,48,'Sunshine Hair Studio','Lot 3, Jalan Damansara, Petaling Jaya','Selangor','60311223344','1-6/11:00-21:00',NULL,'2024-02-22 08:00:00','2024-02-22 08:00:00'),
(53,49,'Urban Edge Salon','No 8, Jalan Sultan Ismail, Kuala Lumpur','Kuala Lumpur','60398765432','1-6/10:00-19:00',NULL,'2024-02-22 08:00:00','2024-02-22 08:00:00'),
(54,50,'Vogue Hair Studio','Lot 123, Jalan Ampang, Ampang','Selangor','60387654321','1-5/09:00-18:00',NULL,'2024-02-22 08:00:00','2024-02-22 08:00:00'),
(55,3,'Yong Yao Wen','NO 12A , JLN CHERAS PRIMA 6\nTMN CHERAS PRIMA','Selangor','10122393345','1-6/10:30-18:30',NULL,'2024-03-29 13:39:41','2024-03-29 13:39:41');

/*Data for the table `services` */

insert  into `services`(`id`,`salon_id`,`service_name`,`category_id`,`availability`,`duration`,`desc`,`updated_at`,`created_at`,`deleted_at`) values 
(1,1,'Haircut',1,1,30,'Classic haircut for men and women','2024-04-17 13:03:34','2024-03-27 22:56:41',NULL),
(2,1,'Balayage Color',2,1,120,'Hand-painted highlights for a natural look','2024-02-05 17:36:35','2024-02-15 16:50:20',NULL),
(3,1,'Keratin Treatment',5,1,90,'Smoothing treatment for frizz-free hair','2024-02-05 17:36:35','2024-04-07 23:29:59',NULL),
(4,1,'Updo Styling',3,1,60,'Elegant updo styling for special occasions','2024-02-05 17:36:35','2024-02-15 16:50:21',NULL),
(5,1,'Deep Conditioning',5,1,45,'Intensive moisture treatment for hair health','2024-02-05 17:36:35','2024-02-15 16:50:22',NULL),
(6,1,'Highlights & Lowlights',2,1,90,'Dimensional color for a vibrant look','2024-02-05 17:36:35','2024-02-15 16:50:22',NULL),
(7,1,'Bridal Hair',3,1,120,'Customized bridal hair styling for the big day','2024-02-05 17:36:35','2024-02-15 16:50:22',NULL),
(8,1,'Beard Trim',7,1,15,'Precise trimming and shaping for men','2024-02-05 17:36:35','2024-02-15 16:50:23',NULL),
(9,1,'Root Touch-Up',2,1,60,'Color touch-up for roots to maintain consistency','2024-02-05 17:36:35','2024-02-15 16:50:23',NULL),
(10,1,'Scalp Massage',5,1,30,'Relaxing massage to promote scalp health','2024-02-05 17:36:35','2024-02-15 16:50:25',NULL),
(11,2,'Haircut',1,1,30,'Classic haircut for men and women','2024-02-15 16:50:19','2024-02-15 16:50:19',NULL),
(12,2,'Hair Coloring',2,1,120,'Professional hair coloring services','2024-02-15 16:50:20','2024-02-15 16:50:20',NULL),
(13,2,'Manicure',4,1,45,'Nail care and treatments','2024-02-15 16:50:21','2024-02-15 16:50:21',NULL),
(14,2,'Pedicure',4,1,60,'Foot care and treatments','2024-02-15 16:50:22','2024-02-15 16:50:22',NULL),
(15,2,'Massage Therapy',6,1,60,'Relaxing massage treatments','2024-02-15 16:50:23','2024-02-15 16:50:23',NULL),
(16,2,'Facial',6,1,90,'Skin care treatments','2024-02-15 16:50:24','2024-02-15 16:50:24',NULL),
(17,3,'Hair Styling',1,1,60,'Professional hair styling services','2024-02-15 16:50:19','2024-02-15 16:50:19',NULL),
(18,3,'Hair Extensions',2,1,120,'Extensions for adding length and volume','2024-02-15 16:50:20','2024-02-15 16:50:20',NULL),
(19,3,'Eyelash Extensions',6,1,90,'Extensions for longer and fuller eyelashes','2024-02-15 16:50:21','2024-02-15 16:50:21',NULL),
(20,3,'Waxing',6,1,45,'Hair removal services','2024-02-15 16:50:22','2024-02-15 16:50:22',NULL),
(21,3,'Tanning',6,1,30,'Spray tanning services','2024-02-15 16:50:23','2024-02-15 16:50:23',NULL),
(22,3,'Makeup',6,1,60,'Professional makeup services','2024-02-15 16:50:24','2024-02-15 16:50:24',NULL),
(25,1,'New Haircut',1,1,12,'sadsa','2024-03-27 23:17:44','2024-03-27 23:34:11','2024-03-27 23:34:11'),
(26,1,'Undercut',1,1,30,'New fashion haircut for men','2024-04-21 23:15:25','2024-03-28 11:41:58',NULL),
(27,55,'Normal Haircut',1,1,20,'New fashion haircut for men','2024-04-14 13:39:44','2024-04-14 13:40:36',NULL),
(28,55,'New Haircut',1,1,12,'Test','2024-04-14 23:23:50','2024-04-14 22:50:18',NULL),
(29,55,'New Color',2,1,12,'test','2024-04-14 22:58:58','2024-04-14 22:58:58',NULL),
(30,55,'New Styling',3,1,12,'new styling','2024-04-14 23:33:27','2024-04-14 23:14:29','2024-04-14 23:33:27'),
(31,1,'Mohawk Haircut',1,1,120,'A new mohawk punk style haircut','2024-04-21 23:17:09','2024-04-21 23:16:55','2024-04-21 23:17:09');

/*!40101 SET SQL_MODE=@OLD_SQL_MODE */;
/*!40014 SET FOREIGN_KEY_CHECKS=@OLD_FOREIGN_KEY_CHECKS */;
/*!40014 SET UNIQUE_CHECKS=@OLD_UNIQUE_CHECKS */;
/*!40111 SET SQL_NOTES=@OLD_SQL_NOTES */;
